year,land_anomaly_C,land_anomaly_err_C
1850,-1.452777,0.15367876824824547
1851,-1.262111,0.15367876824824547
1852,-1.217715,0.15367876824824547
1853,-1.343324,0.15367876824824547
1854,-1.145149,0.15367876824824547
1855,-1.243765,0.15367876824824547
1856,-1.222147,0.15367876824824547
1857,-1.256975,0.15367876824824547
1858,-1.334451,0.15367876824824547
1859,-1.18558,0.15367876824824547
1860,-1.569041,0.15367876824824547
1861,-1.580243,0.15367876824824547
1862,-1.736966,0.15367876824824547
1863,-1.489701,0.15367876824824547
1864,-1.574971,0.15367876824824547
1865,-1.3562,0.15367876824824547
1866,-1.437608,0.15367876824824547
1867,-1.527223,0.15367876824824547
1868,-1.418063,0.15367876824824547
1869,-1.20257,0.15367876824824547
1870,-1.487305,0.15367876824824547
1871,-1.489891,0.15367876824824547
1872,-1.523409,0.15367876824824547
1873,-1.431306,0.15367876824824547
1874,-1.401947,0.15367876824824547
1875,-1.617363,0.15367876824824547
1876,-1.557533,0.15367876824824547
1877,-1.127123,0.15367876824824547
1878,-1.005134,0.15367876824824547
1879,-1.472877,0.15367876824824547
1880,-1.459298,0.15367876824824547
1881,-1.344286,0.15367876824824547
1882,-1.514502,0.15367876824824547
1883,-1.457648,0.15367876824824547
1884,-1.622212,0.15367876824824547
1885,-1.482138,0.15367876824824547
1886,-1.482901,0.15367876824824547
1887,-1.575582,0.15367876824824547
1888,-1.251454,0.15367876824824547
1889,-1.084877,0.15367876824824547
1890,-1.466229,0.15367876824824547
1891,-1.455605,0.15367876824824547
1892,-1.469471,0.15367876824824547
1893,-1.573416,0.15367876824824547
1894,-1.510363,0.15367876824824547
1895,-1.409149,0.15367876824824547
1896,-1.354748,0.15367876824824547
1897,-1.211912,0.15367876824824547
1898,-1.368548,0.15367876824824547
1899,-1.20776,0.15367876824824547
1900,-1.087779,0.15367876824824547
1901,-1.019135,0.15367876824824547
1902,-1.222686,0.15367876824824547
1903,-1.334083,0.15367876824824547
1904,-1.341366,0.15367876824824547
1905,-1.26738,0.15367876824824547
1906,-1.034701,0.15367876824824547
1907,-1.432096,0.15367876824824547
1908,-1.374938,0.15367876824824547
1909,-1.323939,0.15367876824824547
1910,-1.20613,0.15367876824824547
1911,-1.333573,0.15367876824824547
1912,-1.428224,0.15367876824824547
1913,-1.27844,0.15367876824824547
1914,-1.042603,0.15367876824824547
1915,-1.031961,0.15367876824824547
1916,-1.321108,0.15367876824824547
1917,-1.589097,0.15367876824824547
1918,-1.518418,0.15367876824824547
1919,-1.212023,0.15367876824824547
1920,-1.202177,0.15367876824824547
1921,-1.057157,0.15367876824824547
1922,-1.155548,0.15367876824824547
1923,-1.201614,0.15367876824824547
1924,-1.123895,0.15367876824824547
1925,-1.12466,0.15367876824824547
1926,-0.927038,0.15367876824824547
1927,-1.106081,0.15367876824824547
1928,-0.980305,0.15367876824824547
1929,-1.354869,0.15367876824824547
1930,-0.992057,0.15367876824824547
1931,-0.873714,0.15367876824824547
1932,-0.9281,0.15367876824824547
1933,-1.19855,0.15367876824824547
1934,-0.900077,0.15367876824824547
1935,-1.045275,0.15367876824824547
1936,-0.998123,0.15367876824824547
1937,-0.881603,0.15367876824824547
1938,-0.675857,0.15367876824824547
1939,-0.795182,0.15367876824824547
1940,-0.782513,0.15367876824824547
1941,-0.827282,0.15367876824824547
1942,-0.859647,0.15367876824824547
1943,-0.841908,0.15367876824824547
1944,-0.67965,0.15367876824824547
1945,-0.91854,0.15367876824824547
1946,-0.942475,0.15367876824824547
1947,-0.785404,0.15367876824824547
1948,-0.893427,0.15367876824824547
1949,-0.955344,0.15367876824824547
1950,-1.136038,0.15367876824824547
1951,-1.003851,0.15367876824824547
1952,-0.928719,0.15367876824824547
1953,-0.717807,0.15367876824824547
1954,-0.965091,0.15367876824824547
1955,-1.038763,0.15367876824824547
1956,-1.232577,0.15367876824824547
1957,-0.954807,0.15367876824824547
1958,-0.88246,0.15367876824824547
1959,-0.813274,0.15367876824824547
1960,-1.024843,0.15367876824824547
1961,-0.857033,0.15367876824824547
1962,-0.886274,0.15367876824824547
1963,-0.879643,0.15367876824824547
1964,-1.275357,0.15367876824824547
1965,-1.080257,0.15367876824824547
1966,-1.07996,0.15367876824824547
1967,-0.901924,0.15367876824824547
1968,-1.132288,0.15367876824824547
1969,-1.014545,0.15367876824824547
1970,-0.918656,0.15367876824824547
1971,-0.978135,0.15367876824824547
1972,-1.00342,0.15367876824824547
1973,-0.634484,0.15367876824824547
1974,-1.060353,0.15367876824824547
1975,-0.849915,0.15367876824824547
1976,-1.136753,0.15367876824824547
1977,-0.718485,0.15367876824824547
1978,-0.887532,0.15367876824824547
1979,-0.885282,0.15367876824824547
1980,-0.573187,0.15367876824824547
1981,-0.361255,0.15367876824824547
1982,-0.910117,0.15367876824824547
1983,-0.530656,0.15367876824824547
1984,-0.791292,0.15367876824824547
1985,-0.825652,0.15367876824824547
1986,-0.700293,0.15367876824824547
1987,-0.667889,0.15367876824824547
1988,-0.378677,0.15367876824824547
1989,-0.629676,0.15367876824824547
1990,-0.311416,0.15367876824824547
1991,-0.332349,0.15367876824824547
1992,-0.715067,0.15367876824824547
1993,-0.64749,0.15367876824824547
1994,-0.535995,0.15367876824824547
1995,-0.153674,0.15367876824824547
1996,-0.501508,0.15367876824824547
1997,-0.404479,0.15367876824824547
1998,-0.071576,0.15367876824824547
1999,-0.306933,0.15367876824824547
2000,-0.349796,0.15367876824824547
2001,-0.169829,0.15367876824824547
2002,-0.010833,0.15367876824824547
2003,-0.040626,0.15367876824824547
2004,-0.217849,0.15367876824824547
2005,0.207105,0.15367876824824547
2006,0.087371,0.15367876824824547
2007,0.23707,0.15367876824824547
2008,-0.054709,0.15367876824824547
2009,0.038989,0.15367876824824547
2010,0.239255,0.15367876824824547
2011,0.110506,0.15367876824824547
2012,0.096781,0.15367876824824547
2013,0.096825,0.15367876824824547
2014,0.136892,0.15367876824824547
2015,0.383949,0.15367876824824547
2016,0.681902,0.15367876824824547
2017,0.518882,0.15367876824824547
2018,0.392451,0.15367876824824547
2019,0.570966,0.15367876824824547
2020,0.713795,0.15367876824824547
2021,0.441121,0.15367876824824547
2022,0.449049,0.15367876824824547
2023,0.848302,0.15367876824824547
2024,1.015505,0.15367876824824547
2025,0.856504,0.15367876824824547
2026,0.671571,0.15367876824824547
